loaders,workers,qmax,total_s,throughput,avg_latency_ms
1,1,4,8.166,13.470,427.2
1,1,4,7.804,14.096,409.0
1,1,4,7.890,13.941,413.7
1,2,4,4.129,26.638,247.2
1,2,4,4.310,25.521,258.5
1,2,4,4.961,22.172,299.9
1,4,4,3.133,35.107,233.7
1,4,4,3.088,35.619,235.3
1,4,4,3.101,35.470,238.1
1,8,4,2.585,42.548,281.7
1,8,4,2.689,40.914,292.9
1,8,4,2.604,42.235,283.6
2,1,4,8.166,13.471,498.0
2,1,4,8.914,12.340,544.1
2,1,4,9.211,11.942,564.6
2,2,4,4.970,22.131,343.1
2,2,4,4.943,22.252,340.5
2,2,4,6.272,17.539,420.6
2,4,4,4.183,26.296,357.7
2,4,4,3.594,30.605,306.9
2,4,4,4.779,23.018,407.8
2,8,4,4.151,26.498,483.2
2,8,4,3.400,32.352,405.0
2,8,4,3.942,27.902,468.9
4,1,4,9.434,11.659,733.9
4,1,4,9.408,11.693,725.9
4,1,4,8.632,12.743,674.9
4,2,4,5.163,21.304,444.3
4,2,4,6.220,17.685,537.9
4,2,4,5.461,20.143,467.0
4,4,4,3.883,28.326,394.2
4,4,4,4.418,24.898,452.5
4,4,4,4.058,27.105,416.7
4,8,4,3.396,32.389,460.3
4,8,4,3.335,32.982,450.0
4,8,4,3.402,32.329,451.5
1,1,32,9.299,11.829,2441.5
1,1,32,9.338,11.779,2413.6
1,1,32,9.680,11.363,2480.6
1,2,32,6.338,17.354,1676.9
1,2,32,5.765,19.082,1505.8
1,2,32,5.986,18.375,1590.9
1,4,32,4.544,24.207,1261.2
1,4,32,4.014,27.402,1069.8
1,4,32,4.530,24.282,1245.5
1,8,32,3.768,29.195,1132.9
1,8,32,3.917,28.085,1183.4
1,8,32,3.707,29.675,1081.6
2,1,32,12.766,8.616,3167.9
2,1,32,9.691,11.351,2611.0
2,1,32,10.315,10.664,2783.4
2,2,32,6.202,17.735,1690.3
2,2,32,6.194,17.760,1607.0
2,2,32,6.400,17.188,1696.9
2,4,32,3.911,28.123,1111.5
2,4,32,4.381,25.108,1286.9
2,4,32,4.224,26.043,1172.4
2,8,32,4.242,25.932,1341.3
2,8,32,3.925,28.023,1241.2
2,8,32,3.949,27.858,1247.9
4,1,32,10.264,10.717,2821.0
4,1,32,10.390,10.587,2885.1
4,1,32,10.110,10.881,2728.2
4,2,32,7.930,13.872,2346.7
4,2,32,8.454,13.012,2322.1
4,2,32,6.500,16.924,1895.7
4,4,32,4.776,23.033,1436.4
4,4,32,5.366,20.501,1603.2
4,4,32,4.713,23.338,1416.6
4,8,32,3.710,29.651,1199.6
4,8,32,3.733,29.469,1201.7
4,8,32,3.981,27.631,1217.1
