qmax,loaders,workers,total_s,throughput,avg_latency_ms
4,1,1,7.89,13.941,413.7
4,1,2,4.31,25.521,258.5
4,1,4,3.101,35.47,235.3
4,1,8,2.604,42.235,283.6
4,2,1,8.914,12.34,544.1
4,2,2,4.97,22.131,343.1
4,2,4,4.183,26.296,357.7
4,2,8,3.942,27.902,468.9
4,4,1,9.408,11.693,725.9
4,4,2,5.461,20.143,467.0
4,4,4,4.058,27.105,416.7
4,4,8,3.396,32.389,451.5
32,1,1,9.338,11.779,2441.5
32,1,2,5.986,18.375,1590.9
32,1,4,4.53,24.282,1245.5
32,1,8,3.768,29.195,1132.9
32,2,1,10.315,10.664,2783.4
32,2,2,6.202,17.735,1690.3
32,2,4,4.224,26.043,1172.4
32,2,8,3.949,27.858,1247.9
32,4,1,10.264,10.717,2821.0
32,4,2,7.93,13.872,2322.1
32,4,4,4.776,23.033,1436.4
32,4,8,3.733,29.469,1201.7
